{
  "n_vertices": 3148,
  "min": [
    -0.208906,
    0.0,
    -0.5
  ],
  "max": [
    0.208906,
    0.611761,
    0.5
  ],
  "mean": [
    -0.013190471728082005,
    0.3863740422490502,
    -0.0035868011435831793
  ],
  "std": [
    0.15311930011790176,
    0.19192154737167663,
    0.34605151975556364
  ]
}