{
  "n_vertices": 1668,
  "min": [
    -0.031922,
    0.0,
    -0.117146
  ],
  "max": [
    0.031922,
    1.0,
    0.117146
  ],
  "mean": [
    0.021693639688249576,
    0.3027951720623492,
    -0.0043646235011990395
  ],
  "std": [
    0.01116645956142602,
    0.23686892807728208,
    0.04678924306564065
  ]
}