{
  "n_vertices": 2812,
  "min": [
    -0.199625,
    -0.0,
    -0.197126
  ],
  "max": [
    0.199625,
    1.0,
    0.197126
  ],
  "mean": [
    0.042887511735419326,
    0.5291126276671396,
    -0.00344591038406831
  ],
  "std": [
    0.11509640058689254,
    0.3899412842540049,
    0.09467640394558381
  ]
}