{
  "n_vertices": 2767,
  "min": [
    -0.851562,
    0.0,
    -0.464844
  ],
  "max": [
    0.849609,
    1.900391,
    0.462891
  ],
  "mean": [
    0.07544269895193266,
    1.08739029598844,
    0.1219668904951203
  ],
  "std": [
    0.34338019606270165,
    0.4569911304441712,
    0.20006683570555178
  ]
}