{
  "n_vertices": 1088,
  "min": [
    -0.5,
    0.0,
    -0.0225
  ],
  "max": [
    0.5,
    0.84317,
    0.0225
  ],
  "mean": [
    -0.003507619485294322,
    0.4104754908088227,
    -0.0004411764705882354
  ],
  "std": [
    0.34579422985967145,
    0.2540461561751911,
    0.010980775115870828
  ]
}