{
  "n_vertices": 192,
  "min": [
    -1.0,
    -1.0,
    -1.0
  ],
  "max": [
    1.0,
    1.0,
    1.0
  ],
  "mean": [
    -2.6020852139652106e-18,
    0.0,
    2.7755575615628914e-17
  ],
  "std": [
    0.7071068300178376,
    1.0,
    0.7071068300178375
  ]
}