{
  "n_vertices": 3103,
  "min": [
    -0.84375,
    -0.0,
    -0.212891
  ],
  "max": [
    0.841797,
    1.900391,
    0.210938
  ],
  "mean": [
    0.004886927489526214,
    1.159459616822451,
    -0.0036142136641959055
  ],
  "std": [
    0.3951321484737889,
    0.511882430249285,
    0.09514434925459693
  ]
}