{
  "n_vertices": 8284,
  "min": [
    -0.5,
    0.0,
    -0.181411
  ],
  "max": [
    0.5,
    0.904419,
    0.181411
  ],
  "mean": [
    0.0021130992274263644,
    0.4033848763882189,
    0.014002046112988808
  ],
  "std": [
    0.1787561516832965,
    0.21438916561955293,
    0.06178976226742751
  ]
}